{
  "scaler": "StandardScaler",
  "features": [
    "distance_raw",
    "signal_strength",
    "temperature"
  ],
  "mean_": [
    643.7843053677933,
    120.610337972167,
    27.291451292246517
  ],
  "scale_": [
    524.7549327834582,
    30.599994511445367,
    4.335391844165711
  ]
}